Criptovaluta,Max,Media,Min
Bitcoin,63503.45793019000,9149.30962741362,210.49499511719
Ethereum,4168.70104865000,383.91069131936,0.43482899666
Dogecoin,0.68477698000,0.01748898734,0.00011405200
Litecoin,386.45077919000,65.57882862847,2.63314008713