Personaggio,Pagerank
Romolo,0.00213287128
Cesare,0.00099715738
Dante Alighieri,0.00126927567
Leonardo Da Vinci,0.00093122817
Benito Mussolini,0.00088272890
Umberto II di Savoia,0.00121381190
Rita Levi Montalcini,0.00092691234
Silvio Berlusconi,0.00085044817
Mario Draghi,0.00222295524
